{"assets/files/passesbox.apk":["assets/files/passesbox.apk"],"assets/fonts/raleway.ttf":["assets/fonts/raleway.ttf"],"assets/images/app_icon.ico":["assets/images/app_icon.ico"],"assets/images/bank.png":["assets/images/bank.png"],"assets/images/card.png":["assets/images/card.png"],"assets/images/email.png":["assets/images/email.png"],"assets/images/logo.png":["assets/images/logo.png"],"assets/images/social.png":["assets/images/social.png"],"assets/images/web.png":["assets/images/web.png"],"assets/images/wifi.png":["assets/images/wifi.png"]}